cycle,state,district,winner_party
2008,AK,01,R
2008,AL,01,R
2008,AL,02,D
2008,AL,03,R
2008,AL,04,R
2008,AL,05,D
2008,AL,06,R
2008,AL,07,D
2008,AR,01,D
2008,AR,02,D
2008,AR,03,R
2008,AR,04,D
2008,AZ,01,D
2008,AZ,02,R
2008,AZ,03,R
2008,AZ,04,D
2008,AZ,05,D
2008,AZ,06,R
2008,AZ,07,D
2008,AZ,08,D
2008,CA,01,D
2008,CA,02,R
2008,CA,03,R
2008,CA,04,R
2008,CA,05,D
2008,CA,06,D
2008,CA,07,D
2008,CA,08,D
2008,CA,09,D
2008,CA,10,D
2008,CA,11,D
2008,CA,12,D
2008,CA,13,D
2008,CA,14,D
2008,CA,15,D
2008,CA,16,D
2008,CA,17,D
2008,CA,18,D
2008,CA,19,R
2008,CA,20,D
2008,CA,21,R
2008,CA,22,R
2008,CA,23,D
2008,CA,24,R
2008,CA,25,R
2008,CA,26,R
2008,CA,27,D
2008,CA,28,D
2008,CA,29,D
2008,CA,30,D
2008,CA,31,D
2008,CA,32,D
2008,CA,33,D
2008,CA,34,D
2008,CA,35,D
2008,CA,36,D
2008,CA,37,D
2008,CA,38,D
2008,CA,39,D
2008,CA,40,R
2008,CA,41,R
2008,CA,42,R
2008,CA,43,D
2008,CA,44,R
2008,CA,45,R
2008,CA,46,R
2008,CA,47,D
2008,CA,48,R
2008,CA,49,R
2008,CA,50,R
2008,CA,51,D
2008,CA,52,R
2008,CA,53,D
2008,CO,01,D
2008,CO,02,D
2008,CO,03,D
2008,CO,04,D
2008,CO,05,R
2008,CO,06,R
2008,CO,07,D
2008,CT,01,D
2008,CT,02,D
2008,CT,03,D
2008,CT,04,D
2008,CT,05,D
2008,DE,01,R
2008,FL,01,R
2008,FL,02,D
2008,FL,03,D
2008,FL,04,R
2008,FL,05,R
2008,FL,06,R
2008,FL,07,R
2008,FL,08,D
2008,FL,09,R
2008,FL,10,R
2008,FL,11,D
2008,FL,12,R
2008,FL,13,R
2008,FL,14,R
2008,FL,15,R
2008,FL,16,R
2008,FL,17,D
2008,FL,18,R
2008,FL,19,D
2008,FL,20,D
2008,FL,21,R
2008,FL,22,D
2008,FL,23,D
2008,FL,24,D
2008,FL,25,R
2008,GA,01,R
2008,GA,02,D
2008,GA,03,R
2008,GA,04,D
2008,GA,05,D
2008,GA,06,R
2008,GA,07,R
2008,GA,08,D
2008,GA,09,R
2008,GA,10,R
2008,GA,11,R
2008,GA,12,D
2008,GA,13,D
2008,HI,01,D
2008,HI,02,D
2008,IA,01,D
2008,IA,02,D
2008,IA,03,D
2008,IA,04,R
2008,IA,05,R
2008,ID,01,D
2008,ID,02,R
2008,IL,01,D
2008,IL,02,D
2008,IL,03,D
2008,IL,04,D
2008,IL,05,D
2008,IL,06,R
2008,IL,07,D
2008,IL,08,D
2008,IL,09,D
2008,IL,10,R
2008,IL,11,D
2008,IL,12,D
2008,IL,13,R
2008,IL,14,D
2008,IL,15,R
2008,IL,16,R
2008,IL,17,D
2008,IL,18,R
2008,IL,19,R
2008,IN,01,D
2008,IN,02,D
2008,IN,03,R
2008,IN,04,R
2008,IN,05,R
2008,IN,06,R
2008,IN,07,D
2008,IN,08,D
2008,IN,09,D
2008,KS,01,R
2008,KS,02,R
2008,KS,03,D
2008,KS,04,R
2008,KY,01,R
2008,KY,02,R
2008,KY,03,D
2008,KY,04,R
2008,KY,05,R
2008,KY,06,D
2008,LA,01,R
2008,LA,02,R
2008,LA,03,D
2008,LA,04,R
2008,LA,05,R
2008,LA,06,R
2008,LA,07,R
2008,MA,01,D
2008,MA,02,D
2008,MA,03,D
2008,MA,04,D
2008,MA,05,D
2008,MA,06,D
2008,MA,07,D
2008,MA,08,D
2008,MA,09,D
2008,MA,10,D
2008,MD,01,D
2008,MD,02,D
2008,MD,03,D
2008,MD,04,D
2008,MD,05,D
2008,MD,06,R
2008,MD,07,D
2008,MD,08,D
2008,ME,01,D
2008,ME,02,D
2008,MI,01,D
2008,MI,02,R
2008,MI,03,R
2008,MI,04,R
2008,MI,05,D
2008,MI,06,R
2008,MI,07,D
2008,MI,08,R
2008,MI,09,D
2008,MI,10,R
2008,MI,11,R
2008,MI,12,D
2008,MI,13,D
2008,MI,14,D
2008,MI,15,D
2008,MN,01,D
2008,MN,02,R
2008,MN,03,R
2008,MN,04,D
2008,MN,05,D
2008,MN,06,R
2008,MN,07,D
2008,MN,08,D
2008,MO,01,D
2008,MO,02,R
2008,MO,03,D
2008,MO,04,D
2008,MO,05,D
2008,MO,06,R
2008,MO,07,R
2008,MO,08,R
2008,MO,09,R
2008,MS,01,D
2008,MS,02,D
2008,MS,03,R
2008,MS,04,D
2008,MT,01,R
2008,NC,01,D
2008,NC,02,D
2008,NC,03,R
2008,NC,04,D
2008,NC,05,R
2008,NC,06,R
2008,NC,07,D
2008,NC,08,D
2008,NC,09,R
2008,NC,10,R
2008,NC,11,D
2008,NC,12,D
2008,NC,13,D
2008,ND,01,D
2008,NE,01,R
2008,NE,02,R
2008,NE,03,R
2008,NH,01,D
2008,NH,02,D
2008,NJ,01,D
2008,NJ,02,R
2008,NJ,03,D
2008,NJ,04,R
2008,NJ,05,R
2008,NJ,06,D
2008,NJ,07,R
2008,NJ,08,D
2008,NJ,09,D
2008,NJ,10,D
2008,NJ,11,R
2008,NJ,12,D
2008,NJ,13,D
2008,NM,01,D
2008,NM,02,D
2008,NM,03,D
2008,NV,01,D
2008,NV,02,R
2008,NV,03,D
2008,NY,01,D
2008,NY,02,D
2008,NY,03,R
2008,NY,04,D
2008,NY,05,D
2008,NY,06,D
2008,NY,07,D
2008,NY,08,D
2008,NY,09,D
2008,NY,10,D
2008,NY,11,D
2008,NY,12,D
2008,NY,13,D
2008,NY,14,D
2008,NY,15,D
2008,NY,16,D
2008,NY,17,D
2008,NY,18,D
2008,NY,19,D
2008,NY,20,D
2008,NY,21,D
2008,NY,22,D
2008,NY,23,R
2008,NY,24,D
2008,NY,25,D
2008,NY,26,R
2008,NY,27,D
2008,NY,28,D
2008,NY,29,D
2008,OH,01,D
2008,OH,02,R
2008,OH,03,R
2008,OH,04,R
2008,OH,05,R
2008,OH,06,D
2008,OH,07,R
2008,OH,08,R
2008,OH,09,D
2008,OH,10,D
2008,OH,11,D
2008,OH,12,R
2008,OH,13,D
2008,OH,14,R
2008,OH,15,D
2008,OH,16,D
2008,OH,17,D
2008,OH,18,D
2008,OK,01,R
2008,OK,02,D
2008,OK,03,R
2008,OK,04,R
2008,OK,05,R
2008,OR,01,D
2008,OR,02,R
2008,OR,03,D
2008,OR,04,D
2008,OR,05,D
2008,PA,01,D
2008,PA,02,D
2008,PA,03,D
2008,PA,04,D
2008,PA,05,R
2008,PA,06,R
2008,PA,07,D
2008,PA,08,D
2008,PA,09,R
2008,PA,10,D
2008,PA,11,D
2008,PA,12,D
2008,PA,13,D
2008,PA,14,D
2008,PA,15,R
2008,PA,16,R
2008,PA,17,D
2008,PA,18,R
2008,PA,19,R
2008,RI,01,D
2008,RI,02,D
2008,SC,01,R
2008,SC,02,R
2008,SC,03,R
2008,SC,04,R
2008,SC,05,D
2008,SC,06,D
2008,SD,01,D
2008,TN,01,R
2008,TN,02,R
2008,TN,03,R
2008,TN,04,D
2008,TN,05,D
2008,TN,06,D
2008,TN,07,R
2008,TN,08,D
2008,TN,09,D
2008,TX,01,R
2008,TX,02,R
2008,TX,03,R
2008,TX,04,R
2008,TX,05,R
2008,TX,06,R
2008,TX,07,R
2008,TX,08,R
2008,TX,09,D
2008,TX,10,R
2008,TX,11,R
2008,TX,12,R
2008,TX,13,R
2008,TX,14,R
2008,TX,15,D
2008,TX,16,D
2008,TX,17,D
2008,TX,18,D
2008,TX,19,R
2008,TX,20,D
2008,TX,21,R
2008,TX,22,R
2008,TX,23,D
2008,TX,24,R
2008,TX,25,D
2008,TX,26,R
2008,TX,27,D
2008,TX,28,D
2008,TX,29,D
2008,TX,30,D
2008,TX,31,R
2008,TX,32,R
2008,UT,01,R
2008,UT,02,D
2008,UT,03,R
2008,VA,01,R
2008,VA,02,D
2008,VA,03,D
2008,VA,04,R
2008,VA,05,D
2008,VA,06,R
2008,VA,07,R
2008,VA,08,D
2008,VA,09,D
2008,VA,10,R
2008,VA,11,D
2008,VT,01,D
2008,WA,01,D
2008,WA,02,D
2008,WA,03,D
2008,WA,04,R
2008,WA,05,R
2008,WA,06,D
2008,WA,07,D
2008,WA,08,R
2008,WA,09,D
2008,WI,01,R
2008,WI,02,D
2008,WI,03,D
2008,WI,04,D
2008,WI,05,R
2008,WI,06,R
2008,WI,07,D
2008,WI,08,D
2008,WV,01,D
2008,WV,02,R
2008,WV,03,D
2008,WY,01,R
2010,AK,01,R
2010,AL,01,R
2010,AL,02,R
2010,AL,03,R
2010,AL,04,R
2010,AL,05,R
2010,AL,06,R
2010,AL,07,D
2010,AR,01,R
2010,AR,02,R
2010,AR,03,R
2010,AR,04,D
2010,AZ,01,R
2010,AZ,02,R
2010,AZ,03,R
2010,AZ,04,D
2010,AZ,05,R
2010,AZ,06,R
2010,AZ,07,D
2010,AZ,08,D
2010,CA,01,D
2010,CA,02,R
2010,CA,03,R
2010,CA,04,R
2010,CA,05,D
2010,CA,06,D
2010,CA,07,D
2010,CA,08,D
2010,CA,09,D
2010,CA,10,D
2010,CA,11,D
2010,CA,12,D
2010,CA,13,D
2010,CA,14,D
2010,CA,15,D
2010,CA,16,D
2010,CA,17,D
2010,CA,18,D
2010,CA,19,R
2010,CA,20,D
2010,CA,21,R
2010,CA,22,R
2010,CA,23,D
2010,CA,24,R
2010,CA,25,R
2010,CA,26,R
2010,CA,27,D
2010,CA,28,D
2010,CA,29,D
2010,CA,30,D
2010,CA,31,D
2010,CA,32,D
2010,CA,33,D
2010,CA,34,D
2010,CA,35,D
2010,CA,36,D
2010,CA,37,D
2010,CA,38,D
2010,CA,39,D
2010,CA,40,R
2010,CA,41,R
2010,CA,42,R
2010,CA,43,D
2010,CA,44,R
2010,CA,45,R
2010,CA,46,R
2010,CA,47,D
2010,CA,48,R
2010,CA,49,R
2010,CA,50,R
2010,CA,51,D
2010,CA,52,R
2010,CA,53,D
2010,CO,01,D
2010,CO,02,D
2010,CO,03,R
2010,CO,04,R
2010,CO,05,R
2010,CO,06,R
2010,CO,07,D
2010,CT,01,D
2010,CT,02,D
2010,CT,03,D
2010,CT,04,D
2010,CT,05,D
2010,DE,01,D
2010,FL,01,R
2010,FL,02,R
2010,FL,03,D
2010,FL,04,R
2010,FL,05,R
2010,FL,06,R
2010,FL,07,R
2010,FL,08,R
2010,FL,09,R
2010,FL,10,R
2010,FL,11,D
2010,FL,12,R
2010,FL,13,R
2010,FL,14,R
2010,FL,15,R
2010,FL,16,R
2010,FL,17,D
2010,FL,18,R
2010,FL,19,D
2010,FL,20,D
2010,FL,21,R
2010,FL,22,R
2010,FL,23,D
2010,FL,24,R
2010,FL,25,R
2010,GA,01,R
2010,GA,02,D
2010,GA,03,R
2010,GA,04,D
2010,GA,05,D
2010,GA,06,R
2010,GA,07,R
2010,GA,08,R
2010,GA,09,R
2010,GA,10,R
2010,GA,11,R
2010,GA,12,D
2010,GA,13,D
2010,HI,01,D
2010,HI,02,D
2010,IA,01,D
2010,IA,02,D
2010,IA,03,D
2010,IA,04,R
2010,IA,05,R
2010,ID,01,R
2010,ID,02,R
2010,IL,01,D
2010,IL,02,D
2010,IL,03,D
2010,IL,04,D
2010,IL,05,D
2010,IL,06,R
2010,IL,07,D
2010,IL,08,R
2010,IL,09,D
2010,IL,10,R
2010,IL,11,R
2010,IL,12,D
2010,IL,13,R
2010,IL,14,R
2010,IL,15,R
2010,IL,16,R
2010,IL,17,R
2010,IL,18,R
2010,IL,19,R
2010,IN,01,D
2010,IN,02,D
2010,IN,03,R
2010,IN,04,R
2010,IN,05,R
2010,IN,06,R
2010,IN,07,D
2010,IN,08,R
2010,IN,09,R
2010,KS,01,R
2010,KS,02,R
2010,KS,03,R
2010,KS,04,R
2010,KY,01,R
2010,KY,02,R
2010,KY,03,D
2010,KY,04,R
2010,KY,05,R
2010,KY,06,D
2010,MA,01,D
2010,MA,02,D
2010,MA,03,D
2010,MA,04,D
2010,MA,05,D
2010,MA,06,D
2010,MA,07,D
2010,MA,08,D
2010,MA,09,D
2010,MA,10,D
2010,MD,01,R
2010,MD,02,D
2010,MD,03,D
2010,MD,04,D
2010,MD,05,D
2010,MD,06,R
2010,MD,07,D
2010,MD,08,D
2010,ME,01,D
2010,ME,02,D
2010,MI,01,R
2010,MI,02,R
2010,MI,03,R
2010,MI,04,R
2010,MI,05,D
2010,MI,06,R
2010,MI,07,R
2010,MI,08,R
2010,MI,09,D
2010,MI,10,R
2010,MI,11,R
2010,MI,12,D
2010,MI,13,D
2010,MI,14,D
2010,MI,15,D
2010,MN,01,D
2010,MN,02,R
2010,MN,03,R
2010,MN,04,D
2010,MN,05,D
2010,MN,06,R
2010,MN,07,D
2010,MN,08,R
2010,MO,01,D
2010,MO,02,R
2010,MO,03,D
2010,MO,04,R
2010,MO,05,D
2010,MO,06,R
2010,MO,07,R
2010,MO,08,R
2010,MO,09,R
2010,MS,01,R
2010,MS,02,D
2010,MS,03,R
2010,MS,04,R
2010,MT,01,R
2010,NC,01,D
2010,NC,02,R
2010,NC,03,R
2010,NC,04,D
2010,NC,05,R
2010,NC,06,R
2010,NC,07,D
2010,NC,08,D
2010,NC,09,R
2010,NC,10,R
2010,NC,11,D
2010,NC,12,D
2010,NC,13,D
2010,ND,01,R
2010,NE,01,R
2010,NE,02,R
2010,NE,03,R
2010,NH,01,R
2010,NH,02,R
2010,NJ,01,D
2010,NJ,02,R
2010,NJ,03,R
2010,NJ,04,R
2010,NJ,05,R
2010,NJ,06,D
2010,NJ,07,R
2010,NJ,08,D
2010,NJ,09,D
2010,NJ,10,D
2010,NJ,11,R
2010,NJ,12,D
2010,NJ,13,D
2010,NM,01,D
2010,NM,02,R
2010,NM,03,D
2010,NV,01,D
2010,NV,02,R
2010,NV,03,R
2010,NY,01,D
2010,NY,02,D
2010,NY,03,R
2010,NY,04,D
2010,NY,05,D
2010,NY,06,D
2010,NY,07,D
2010,NY,08,D
2010,NY,09,D
2010,NY,10,D
2010,NY,11,D
2010,NY,12,D
2010,NY,13,D
2010,NY,14,D
2010,NY,15,D
2010,NY,16,D
2010,NY,17,D
2010,NY,18,D
2010,NY,19,D
2010,NY,20,R
2010,NY,21,D
2010,NY,22,D
2010,NY,23,D
2010,NY,24,D
2010,NY,25,D
2010,NY,26,R
2010,NY,27,D
2010,NY,28,D
2010,NY,29,R
2010,OH,01,R
2010,OH,02,R
2010,OH,03,R
2010,OH,04,R
2010,OH,05,R
2010,OH,06,R
2010,OH,07,R
2010,OH,08,R
2010,OH,09,D
2010,OH,10,D
2010,OH,11,D
2010,OH,12,R
2010,OH,13,D
2010,OH,14,R
2010,OH,15,R
2010,OH,16,R
2010,OH,17,D
2010,OH,18,R
2010,OK,01,R
2010,OK,02,D
2010,OK,03,R
2010,OK,04,R
2010,OK,05,R
2010,OR,01,D
2010,OR,02,R
2010,OR,03,D
2010,OR,04,D
2010,OR,05,D
2010,PA,01,D
2010,PA,02,D
2010,PA,03,R
2010,PA,04,D
2010,PA,05,R
2010,PA,06,R
2010,PA,07,R
2010,PA,08,R
2010,PA,09,R
2010,PA,10,R
2010,PA,11,R
2010,PA,12,D
2010,PA,13,D
2010,PA,14,D
2010,PA,15,R
2010,PA,16,R
2010,PA,17,D
2010,PA,18,R
2010,PA,19,R
2010,RI,01,D
2010,RI,02,D
2010,SC,01,R
2010,SC,02,R
2010,SC,03,R
2010,SC,04,R
2010,SC,05,R
2010,SC,06,D
2010,SD,01,R
2010,TN,01,R
2010,TN,02,R
2010,TN,03,R
2010,TN,04,R
2010,TN,05,D
2010,TN,06,R
2010,TN,07,R
2010,TN,08,R
2010,TN,09,D
2010,TX,01,R
2010,TX,02,R
2010,TX,03,R
2010,TX,04,R
2010,TX,05,R
2010,TX,06,R
2010,TX,07,R
2010,TX,08,R
2010,TX,09,D
2010,TX,10,R
2010,TX,11,R
2010,TX,12,R
2010,TX,13,R
2010,TX,14,R
2010,TX,15,D
2010,TX,16,D
2010,TX,17,R
2010,TX,18,D
2010,TX,19,R
2010,TX,20,D
2010,TX,21,R
2010,TX,22,R
2010,TX,23,R
2010,TX,24,R
2010,TX,25,D
2010,TX,26,R
2010,TX,27,R
2010,TX,28,D
2010,TX,29,D
2010,TX,30,D
2010,TX,31,R
2010,TX,32,R
2010,UT,01,R
2010,UT,02,D
2010,UT,03,R
2010,VA,01,R
2010,VA,02,R
2010,VA,03,D
2010,VA,04,R
2010,VA,05,R
2010,VA,06,R
2010,VA,07,R
2010,VA,08,D
2010,VA,09,R
2010,VA,10,R
2010,VA,11,D
2010,VT,01,D
2010,WA,01,D
2010,WA,02,D
2010,WA,03,R
2010,WA,04,R
2010,WA,05,R
2010,WA,06,D
2010,WA,07,D
2010,WA,08,R
2010,WA,09,D
2010,WI,01,R
2010,WI,02,D
2010,WI,03,D
2010,WI,04,D
2010,WI,05,R
2010,WI,06,R
2010,WI,07,R
2010,WI,08,R
2010,WV,01,R
2010,WV,02,R
2010,WV,03,D
2010,WY,01,R
2012,AK,01,R
2012,AL,01,R
2012,AL,02,R
2012,AL,03,R
2012,AL,04,R
2012,AL,05,R
2012,AL,06,R
2012,AL,07,D
2012,AR,01,R
2012,AR,02,R
2012,AR,03,R
2012,AR,04,R
2012,AZ,01,D
2012,AZ,02,D
2012,AZ,03,D
2012,AZ,04,R
2012,AZ,05,R
2012,AZ,06,R
2012,AZ,07,D
2012,AZ,08,R
2012,AZ,09,D
2012,CA,01,R
2012,CA,02,D
2012,CA,03,D
2012,CA,04,R
2012,CA,05,D
2012,CA,06,D
2012,CA,07,D
2012,CA,08,R
2012,CA,09,D
2012,CA,10,R
2012,CA,11,D
2012,CA,12,D
2012,CA,13,D
2012,CA,14,D
2012,CA,15,D
2012,CA,16,D
2012,CA,17,D
2012,CA,18,D
2012,CA,19,D
2012,CA,20,D
2012,CA,21,R
2012,CA,22,R
2012,CA,23,R
2012,CA,24,D
2012,CA,25,R
2012,CA,26,D
2012,CA,27,D
2012,CA,28,D
2012,CA,29,D
2012,CA,30,D
2012,CA,31,R
2012,CA,32,D
2012,CA,33,D
2012,CA,34,D
2012,CA,35,D
2012,CA,36,D
2012,CA,37,D
2012,CA,38,D
2012,CA,39,R
2012,CA,40,D
2012,CA,41,D
2012,CA,42,R
2012,CA,43,D
2012,CA,44,D
2012,CA,45,R
2012,CA,46,D
2012,CA,47,D
2012,CA,48,R
2012,CA,49,R
2012,CA,50,R
2012,CA,51,D
2012,CA,52,D
2012,CA,53,D
2012,CO,01,D
2012,CO,02,D
2012,CO,03,R
2012,CO,04,R
2012,CO,05,R
2012,CO,06,R
2012,CO,07,D
2012,CT,01,D
2012,CT,02,D
2012,CT,03,D
2012,CT,04,D
2012,CT,05,D
2012,DE,01,D
2012,FL,01,R
2012,FL,02,R
2012,FL,03,R
2012,FL,04,R
2012,FL,05,D
2012,FL,06,R
2012,FL,07,R
2012,FL,08,R
2012,FL,09,D
2012,FL,10,R
2012,FL,11,R
2012,FL,12,R
2012,FL,13,R
2012,FL,14,D
2012,FL,15,R
2012,FL,16,R
2012,FL,17,R
2012,FL,18,D
2012,FL,19,R
2012,FL,20,D
2012,FL,21,D
2012,FL,22,D
2012,FL,23,D
2012,FL,24,D
2012,FL,25,R
2012,FL,26,D
2012,FL,27,R
2012,GA,01,R
2012,GA,02,D
2012,GA,03,R
2012,GA,04,D
2012,GA,05,D
2012,GA,06,R
2012,GA,07,R
2012,GA,08,R
2012,GA,09,R
2012,GA,10,R
2012,GA,11,R
2012,GA,12,D
2012,GA,13,D
2012,GA,14,R
2012,HI,01,D
2012,HI,02,D
2012,IA,01,D
2012,IA,02,D
2012,IA,03,R
2012,IA,04,R
2012,ID,01,R
2012,ID,02,R
2012,IL,01,D
2012,IL,02,D
2012,IL,03,D
2012,IL,04,D
2012,IL,05,D
2012,IL,06,R
2012,IL,07,D
2012,IL,08,D
2012,IL,09,D
2012,IL,10,D
2012,IL,11,D
2012,IL,12,D
2012,IL,13,R
2012,IL,14,R
2012,IL,15,R
2012,IL,16,R
2012,IL,17,D
2012,IL,18,R
2012,IN,01,D
2012,IN,02,R
2012,IN,03,R
2012,IN,04,R
2012,IN,05,R
2012,IN,06,R
2012,IN,07,D
2012,IN,08,R
2012,IN,09,R
2012,KS,01,R
2012,KS,02,R
2012,KS,03,R
2012,KS,04,R
2012,KY,01,R
2012,KY,02,R
2012,KY,03,D
2012,KY,04,R
2012,KY,05,R
2012,KY,06,R
2012,MA,01,D
2012,MA,02,D
2012,MA,03,D
2012,MA,04,D
2012,MA,05,D
2012,MA,06,D
2012,MA,07,D
2012,MA,08,D
2012,MA,09,D
2012,MD,01,R
2012,MD,02,D
2012,MD,03,D
2012,MD,04,D
2012,MD,05,D
2012,MD,06,D
2012,MD,07,D
2012,MD,08,D
2012,ME,01,D
2012,ME,02,D
2012,MI,01,R
2012,MI,02,R
2012,MI,03,R
2012,MI,04,R
2012,MI,05,D
2012,MI,06,R
2012,MI,07,R
2012,MI,08,R
2012,MI,09,D
2012,MI,10,R
2012,MI,11,R
2012,MI,12,D
2012,MI,13,D
2012,MI,14,D
2012,MN,01,D
2012,MN,02,R
2012,MN,03,R
2012,MN,04,D
2012,MN,05,D
2012,MN,06,R
2012,MN,07,D
2012,MN,08,D
2012,MO,01,D
2012,MO,02,R
2012,MO,03,R
2012,MO,04,R
2012,MO,05,D
2012,MO,06,R
2012,MO,07,R
2012,MO,08,R
2012,MS,01,R
2012,MS,02,D
2012,MS,03,R
2012,MS,04,R
2012,MT,01,R
2012,NC,01,D
2012,NC,02,R
2012,NC,03,R
2012,NC,04,D
2012,NC,05,R
2012,NC,06,R
2012,NC,07,D
2012,NC,08,R
2012,NC,09,R
2012,NC,10,R
2012,NC,11,R
2012,NC,12,D
2012,NC,13,R
2012,ND,01,R
2012,NE,01,R
2012,NE,02,R
2012,NE,03,R
2012,NH,01,D
2012,NH,02,D
2012,NJ,01,D
2012,NJ,02,R
2012,NJ,03,R
2012,NJ,04,R
2012,NJ,05,R
2012,NJ,06,D
2012,NJ,07,R
2012,NJ,08,D
2012,NJ,09,D
2012,NJ,10,D
2012,NJ,11,R
2012,NJ,12,D
2012,NM,01,D
2012,NM,02,R
2012,NM,03,D
2012,NV,01,D
2012,NV,02,R
2012,NV,03,R
2012,NV,04,D
2012,NY,01,D
2012,NY,02,R
2012,NY,03,D
2012,NY,04,D
2012,NY,05,D
2012,NY,06,D
2012,NY,07,D
2012,NY,08,D
2012,NY,09,D
2012,NY,10,D
2012,NY,11,R
2012,NY,12,D
2012,NY,13,D
2012,NY,14,D
2012,NY,15,D
2012,NY,16,D
2012,NY,17,D
2012,NY,18,D
2012,NY,19,R
2012,NY,20,D
2012,NY,21,D
2012,NY,22,R
2012,NY,23,R
2012,NY,24,D
2012,NY,25,D
2012,NY,26,D
2012,NY,27,D
2012,OH,01,R
2012,OH,02,R
2012,OH,03,D
2012,OH,04,R
2012,OH,05,R
2012,OH,06,R
2012,OH,07,R
2012,OH,08,R
2012,OH,09,D
2012,OH,10,R
2012,OH,11,D
2012,OH,12,R
2012,OH,13,D
2012,OH,14,R
2012,OH,15,R
2012,OH,16,R
2012,OK,01,R
2012,OK,02,R
2012,OK,03,R
2012,OK,04,R
2012,OK,05,R
2012,OR,01,D
2012,OR,02,R
2012,OR,03,D
2012,OR,04,D
2012,OR,05,D
2012,PA,01,D
2012,PA,02,D
2012,PA,03,R
2012,PA,04,R
2012,PA,05,R
2012,PA,06,R
2012,PA,07,R
2012,PA,08,R
2012,PA,09,R
2012,PA,10,R
2012,PA,11,R
2012,PA,12,R
2012,PA,13,D
2012,PA,14,D
2012,PA,15,R
2012,PA,16,R
2012,PA,17,D
2012,PA,18,R
2012,RI,01,D
2012,RI,02,D
2012,SC,01,R
2012,SC,02,R
2012,SC,03,R
2012,SC,04,R
2012,SC,05,R
2012,SC,06,D
2012,SC,07,R
2012,SD,01,R
2012,TN,01,R
2012,TN,02,R
2012,TN,03,R
2012,TN,04,R
2012,TN,05,D
2012,TN,06,R
2012,TN,07,R
2012,TN,08,R
2012,TN,09,D
2012,TX,01,R
2012,TX,02,R
2012,TX,03,R
2012,TX,04,R
2012,TX,05,R
2012,TX,06,R
2012,TX,07,R
2012,TX,08,R
2012,TX,09,D
2012,TX,10,R
2012,TX,11,R
2012,TX,12,R
2012,TX,13,R
2012,TX,14,R
2012,TX,15,D
2012,TX,16,D
2012,TX,17,R
2012,TX,18,D
2012,TX,19,R
2012,TX,20,D
2012,TX,21,R
2012,TX,22,R
2012,TX,23,D
2012,TX,24,R
2012,TX,25,R
2012,TX,26,R
2012,TX,27,R
2012,TX,28,D
2012,TX,29,D
2012,TX,30,D
2012,TX,31,R
2012,TX,32,R
2012,TX,33,D
2012,TX,34,D
2012,TX,35,D
2012,TX,36,R
2012,UT,01,R
2012,UT,02,R
2012,UT,03,R
2012,UT,04,D
2012,VA,01,R
2012,VA,02,R
2012,VA,03,D
2012,VA,04,R
2012,VA,05,R
2012,VA,06,R
2012,VA,07,R
2012,VA,08,D
2012,VA,09,R
2012,VA,10,R
2012,VA,11,D
2012,VT,01,D
2012,WA,01,D
2012,WA,02,D
2012,WA,03,R
2012,WA,04,R
2012,WA,05,R
2012,WA,06,D
2012,WA,07,D
2012,WA,08,R
2012,WA,09,D
2012,WA,10,D
2012,WI,01,R
2012,WI,02,D
2012,WI,03,D
2012,WI,04,D
2012,WI,05,R
2012,WI,06,R
2012,WI,07,R
2012,WI,08,R
2012,WV,01,R
2012,WV,02,R
2012,WV,03,D
2012,WY,01,R
2014,AK,01,R
2014,AL,01,R
2014,AL,02,R
2014,AL,03,R
2014,AL,04,R
2014,AL,05,R
2014,AL,06,R
2014,AL,07,D
2014,AR,01,R
2014,AR,02,R
2014,AR,03,R
2014,AR,04,R
2014,AZ,01,D
2014,AZ,02,R
2014,AZ,03,D
2014,AZ,04,R
2014,AZ,05,R
2014,AZ,06,R
2014,AZ,07,D
2014,AZ,08,R
2014,AZ,09,D
2014,CA,01,R
2014,CA,02,D
2014,CA,03,D
2014,CA,04,R
2014,CA,05,D
2014,CA,06,D
2014,CA,07,D
2014,CA,08,R
2014,CA,09,D
2014,CA,10,R
2014,CA,11,D
2014,CA,12,D
2014,CA,13,D
2014,CA,14,D
2014,CA,15,D
2014,CA,16,D
2014,CA,17,D
2014,CA,18,D
2014,CA,19,D
2014,CA,20,D
2014,CA,21,R
2014,CA,22,R
2014,CA,23,R
2014,CA,24,D
2014,CA,25,R
2014,CA,26,D
2014,CA,27,D
2014,CA,28,D
2014,CA,29,D
2014,CA,30,D
2014,CA,31,D
2014,CA,32,D
2014,CA,33,D
2014,CA,34,D
2014,CA,35,D
2014,CA,36,D
2014,CA,37,D
2014,CA,38,D
2014,CA,39,R
2014,CA,40,D
2014,CA,41,D
2014,CA,42,R
2014,CA,43,D
2014,CA,44,D
2014,CA,45,R
2014,CA,46,D
2014,CA,47,D
2014,CA,48,R
2014,CA,49,R
2014,CA,50,R
2014,CA,51,D
2014,CA,52,D
2014,CA,53,D
2014,CO,01,D
2014,CO,02,D
2014,CO,03,R
2014,CO,04,R
2014,CO,05,R
2014,CO,06,R
2014,CO,07,D
2014,CT,01,D
2014,CT,02,D
2014,CT,03,D
2014,CT,04,D
2014,CT,05,D
2014,DE,01,D
2014,FL,01,R
2014,FL,02,D
2014,FL,03,R
2014,FL,04,R
2014,FL,05,D
2014,FL,06,R
2014,FL,07,R
2014,FL,08,R
2014,FL,09,D
2014,FL,10,R
2014,FL,11,R
2014,FL,12,R
2014,FL,13,R
2014,FL,14,D
2014,FL,15,R
2014,FL,16,R
2014,FL,17,R
2014,FL,18,D
2014,FL,19,R
2014,FL,20,D
2014,FL,21,D
2014,FL,22,D
2014,FL,23,D
2014,FL,24,D
2014,FL,25,R
2014,FL,26,R
2014,FL,27,R
2014,GA,01,R
2014,GA,02,D
2014,GA,03,R
2014,GA,04,D
2014,GA,05,D
2014,GA,06,R
2014,GA,07,R
2014,GA,08,R
2014,GA,09,R
2014,GA,10,R
2014,GA,11,R
2014,GA,12,R
2014,GA,13,D
2014,GA,14,R
2014,HI,01,D
2014,HI,02,D
2014,IA,01,R
2014,IA,02,D
2014,IA,03,R
2014,IA,04,R
2014,ID,01,R
2014,ID,02,R
2014,IL,01,D
2014,IL,02,D
2014,IL,03,D
2014,IL,04,D
2014,IL,05,D
2014,IL,06,R
2014,IL,07,D
2014,IL,08,D
2014,IL,09,D
2014,IL,10,R
2014,IL,11,D
2014,IL,12,R
2014,IL,13,R
2014,IL,14,R
2014,IL,15,R
2014,IL,16,R
2014,IL,17,D
2014,IL,18,R
2014,IN,01,D
2014,IN,02,R
2014,IN,03,R
2014,IN,04,R
2014,IN,05,R
2014,IN,06,R
2014,IN,07,D
2014,IN,08,R
2014,IN,09,R
2014,KS,01,R
2014,KS,02,R
2014,KS,03,R
2014,KS,04,R
2014,KY,01,R
2014,KY,02,R
2014,KY,03,D
2014,KY,04,R
2014,KY,05,R
2014,KY,06,R
2014,MA,01,D
2014,MA,02,D
2014,MA,03,D
2014,MA,04,D
2014,MA,05,D
2014,MA,06,D
2014,MA,07,D
2014,MA,08,D
2014,MA,09,D
2014,MD,01,R
2014,MD,02,D
2014,MD,03,D
2014,MD,04,D
2014,MD,05,D
2014,MD,06,D
2014,MD,07,D
2014,MD,08,D
2014,ME,01,D
2014,ME,02,R
2014,MI,01,R
2014,MI,02,R
2014,MI,03,R
2014,MI,04,R
2014,MI,05,D
2014,MI,06,R
2014,MI,07,R
2014,MI,08,R
2014,MI,09,D
2014,MI,10,R
2014,MI,11,R
2014,MI,12,D
2014,MI,13,D
2014,MI,14,D
2014,MN,01,D
2014,MN,02,R
2014,MN,03,R
2014,MN,04,D
2014,MN,05,D
2014,MN,06,R
2014,MN,07,D
2014,MN,08,D
2014,MO,01,D
2014,MO,02,R
2014,MO,03,R
2014,MO,04,R
2014,MO,05,D
2014,MO,06,R
2014,MO,07,R
2014,MO,08,R
2014,MS,01,R
2014,MS,02,D
2014,MS,03,R
2014,MS,04,R
2014,MT,01,R
2014,NC,01,D
2014,NC,02,R
2014,NC,03,R
2014,NC,04,D
2014,NC,05,R
2014,NC,06,R
2014,NC,07,R
2014,NC,08,R
2014,NC,09,R
2014,NC,10,R
2014,NC,11,R
2014,NC,12,D
2014,NC,13,R
2014,ND,01,R
2014,NE,01,R
2014,NE,02,D
2014,NE,03,R
2014,NH,01,R
2014,NH,02,D
2014,NJ,01,D
2014,NJ,02,R
2014,NJ,03,R
2014,NJ,04,R
2014,NJ,05,R
2014,NJ,06,D
2014,NJ,07,R
2014,NJ,08,D
2014,NJ,09,D
2014,NJ,10,D
2014,NJ,11,R
2014,NJ,12,D
2014,NM,01,D
2014,NM,02,R
2014,NM,03,D
2014,NV,01,D
2014,NV,02,R
2014,NV,03,R
2014,NV,04,R
2014,NY,01,R
2014,NY,02,R
2014,NY,03,D
2014,NY,04,D
2014,NY,05,D
2014,NY,06,D
2014,NY,07,D
2014,NY,08,D
2014,NY,09,D
2014,NY,10,D
2014,NY,11,R
2014,NY,12,D
2014,NY,13,D
2014,NY,14,D
2014,NY,15,D
2014,NY,16,D
2014,NY,17,D
2014,NY,18,D
2014,NY,19,R
2014,NY,20,D
2014,NY,21,R
2014,NY,22,R
2014,NY,23,R
2014,NY,24,R
2014,NY,25,D
2014,NY,26,D
2014,NY,27,R
2014,OH,01,R
2014,OH,02,R
2014,OH,03,D
2014,OH,04,R
2014,OH,05,R
2014,OH,06,R
2014,OH,07,R
2014,OH,08,R
2014,OH,09,D
2014,OH,10,R
2014,OH,11,D
2014,OH,12,R
2014,OH,13,D
2014,OH,14,R
2014,OH,15,R
2014,OH,16,R
2014,OK,01,R
2014,OK,02,R
2014,OK,03,R
2014,OK,04,R
2014,OK,05,R
2014,OR,01,D
2014,OR,02,R
2014,OR,03,D
2014,OR,04,D
2014,OR,05,D
2014,PA,01,D
2014,PA,02,D
2014,PA,03,R
2014,PA,04,R
2014,PA,05,R
2014,PA,06,R
2014,PA,07,R
2014,PA,08,R
2014,PA,09,R
2014,PA,10,R
2014,PA,11,R
2014,PA,12,R
2014,PA,13,D
2014,PA,14,D
2014,PA,15,R
2014,PA,16,R
2014,PA,17,D
2014,PA,18,R
2014,RI,01,D
2014,RI,02,D
2014,SC,01,R
2014,SC,02,R
2014,SC,03,R
2014,SC,04,R
2014,SC,05,R
2014,SC,06,D
2014,SC,07,R
2014,SD,01,R
2014,TN,01,R
2014,TN,02,R
2014,TN,03,R
2014,TN,04,R
2014,TN,05,D
2014,TN,06,R
2014,TN,07,R
2014,TN,08,R
2014,TN,09,D
2014,TX,01,R
2014,TX,02,R
2014,TX,03,R
2014,TX,04,R
2014,TX,05,R
2014,TX,06,R
2014,TX,07,R
2014,TX,08,R
2014,TX,09,D
2014,TX,10,R
2014,TX,11,R
2014,TX,12,R
2014,TX,13,R
2014,TX,14,R
2014,TX,15,D
2014,TX,16,D
2014,TX,17,R
2014,TX,18,D
2014,TX,19,R
2014,TX,20,D
2014,TX,21,R
2014,TX,22,R
2014,TX,23,R
2014,TX,24,R
2014,TX,25,R
2014,TX,26,R
2014,TX,27,R
2014,TX,28,D
2014,TX,29,D
2014,TX,30,D
2014,TX,31,R
2014,TX,32,R
2014,TX,33,D
2014,TX,34,D
2014,TX,35,D
2014,TX,36,R
2014,UT,01,R
2014,UT,02,R
2014,UT,03,R
2014,UT,04,R
2014,VA,01,R
2014,VA,02,R
2014,VA,03,D
2014,VA,04,R
2014,VA,05,R
2014,VA,06,R
2014,VA,07,R
2014,VA,08,D
2014,VA,09,R
2014,VA,10,R
2014,VA,11,D
2014,VT,01,D
2014,WA,01,D
2014,WA,02,D
2014,WA,03,R
2014,WA,04,R
2014,WA,05,R
2014,WA,06,D
2014,WA,07,D
2014,WA,08,R
2014,WA,09,D
2014,WA,10,D
2014,WI,01,R
2014,WI,02,D
2014,WI,03,D
2014,WI,04,D
2014,WI,05,R
2014,WI,06,R
2014,WI,07,R
2014,WI,08,R
2014,WV,01,R
2014,WV,02,R
2014,WV,03,R
2014,WY,01,R
2016,AK,01,R
2016,AL,01,R
2016,AL,02,R
2016,AL,03,R
2016,AL,04,R
2016,AL,05,R
2016,AL,06,R
2016,AL,07,D
2016,AR,01,R
2016,AR,02,R
2016,AR,03,R
2016,AR,04,R
2016,AZ,01,D
2016,AZ,02,R
2016,AZ,03,D
2016,AZ,04,R
2016,AZ,05,R
2016,AZ,06,R
2016,AZ,07,D
2016,AZ,08,R
2016,AZ,09,D
2016,CA,01,R
2016,CA,02,D
2016,CA,03,D
2016,CA,04,R
2016,CA,05,D
2016,CA,06,D
2016,CA,07,D
2016,CA,08,R
2016,CA,09,D
2016,CA,10,R
2016,CA,11,D
2016,CA,12,D
2016,CA,13,D
2016,CA,14,D
2016,CA,15,D
2016,CA,16,D
2016,CA,17,D
2016,CA,18,D
2016,CA,19,D
2016,CA,20,D
2016,CA,21,R
2016,CA,22,R
2016,CA,23,R
2016,CA,24,D
2016,CA,25,R
2016,CA,26,D
2016,CA,27,D
2016,CA,28,D
2016,CA,29,D
2016,CA,30,D
2016,CA,31,D
2016,CA,32,D
2016,CA,33,D
2016,CA,34,D
2016,CA,35,D
2016,CA,36,D
2016,CA,37,D
2016,CA,38,D
2016,CA,39,R
2016,CA,40,D
2016,CA,41,D
2016,CA,42,R
2016,CA,43,D
2016,CA,44,D
2016,CA,45,R
2016,CA,46,D
2016,CA,47,D
2016,CA,48,R
2016,CA,49,R
2016,CA,50,R
2016,CA,51,D
2016,CA,52,D
2016,CA,53,D
2016,CO,01,D
2016,CO,02,D
2016,CO,03,R
2016,CO,04,R
2016,CO,05,R
2016,CO,06,R
2016,CO,07,D
2016,CT,01,D
2016,CT,02,D
2016,CT,03,D
2016,CT,04,D
2016,CT,05,D
2016,DE,01,D
2016,FL,01,R
2016,FL,02,R
2016,FL,03,R
2016,FL,04,R
2016,FL,05,D
2016,FL,06,R
2016,FL,07,D
2016,FL,08,R
2016,FL,09,D
2016,FL,10,D
2016,FL,11,R
2016,FL,12,R
2016,FL,13,D
2016,FL,14,D
2016,FL,15,R
2016,FL,16,R
2016,FL,17,R
2016,FL,18,R
2016,FL,19,R
2016,FL,20,D
2016,FL,21,D
2016,FL,22,D
2016,FL,23,D
2016,FL,24,D
2016,FL,25,R
2016,FL,26,R
2016,FL,27,R
2016,GA,01,R
2016,GA,02,D
2016,GA,03,R
2016,GA,04,D
2016,GA,05,D
2016,GA,06,R
2016,GA,07,R
2016,GA,08,R
2016,GA,09,R
2016,GA,10,R
2016,GA,11,R
2016,GA,12,R
2016,GA,13,D
2016,GA,14,R
2016,HI,01,D
2016,HI,02,D
2016,IA,01,R
2016,IA,02,D
2016,IA,03,R
2016,IA,04,R
2016,ID,01,R
2016,ID,02,R
2016,IL,01,D
2016,IL,02,D
2016,IL,03,D
2016,IL,04,D
2016,IL,05,D
2016,IL,06,R
2016,IL,07,D
2016,IL,08,D
2016,IL,09,D
2016,IL,10,D
2016,IL,11,D
2016,IL,12,R
2016,IL,13,R
2016,IL,14,R
2016,IL,15,R
2016,IL,16,R
2016,IL,17,D
2016,IL,18,R
2016,IN,01,D
2016,IN,02,R
2016,IN,03,R
2016,IN,04,R
2016,IN,05,R
2016,IN,06,R
2016,IN,07,D
2016,IN,08,R
2016,IN,09,R
2016,KS,01,R
2016,KS,02,R
2016,KS,03,R
2016,KS,04,R
2016,KY,01,R
2016,KY,02,R
2016,KY,03,D
2016,KY,04,R
2016,KY,05,R
2016,KY,06,R
2016,MA,01,D
2016,MA,02,D
2016,MA,03,D
2016,MA,04,D
2016,MA,05,D
2016,MA,06,D
2016,MA,07,D
2016,MA,08,D
2016,MA,09,D
2016,MD,01,R
2016,MD,02,D
2016,MD,03,D
2016,MD,04,D
2016,MD,05,D
2016,MD,06,D
2016,MD,07,D
2016,MD,08,D
2016,ME,01,D
2016,ME,02,R
2016,MI,01,R
2016,MI,02,R
2016,MI,03,R
2016,MI,04,R
2016,MI,05,D
2016,MI,06,R
2016,MI,07,R
2016,MI,08,R
2016,MI,09,D
2016,MI,10,R
2016,MI,11,R
2016,MI,12,D
2016,MI,13,D
2016,MI,14,D
2016,MN,01,D
2016,MN,02,R
2016,MN,03,R
2016,MN,04,D
2016,MN,05,D
2016,MN,06,R
2016,MN,07,D
2016,MN,08,D
2016,MO,01,D
2016,MO,02,R
2016,MO,03,R
2016,MO,04,R
2016,MO,05,D
2016,MO,06,R
2016,MO,07,R
2016,MO,08,R
2016,MS,01,R
2016,MS,02,D
2016,MS,03,R
2016,MS,04,R
2016,MT,01,R
2016,NC,01,D
2016,NC,02,R
2016,NC,03,R
2016,NC,04,D
2016,NC,05,R
2016,NC,06,R
2016,NC,07,R
2016,NC,08,R
2016,NC,09,R
2016,NC,10,R
2016,NC,11,R
2016,NC,12,D
2016,NC,13,R
2016,ND,01,R
2016,NE,01,R
2016,NE,02,R
2016,NE,03,R
2016,NH,01,D
2016,NH,02,D
2016,NJ,01,D
2016,NJ,02,R
2016,NJ,03,R
2016,NJ,04,R
2016,NJ,05,D
2016,NJ,06,D
2016,NJ,07,R
2016,NJ,08,D
2016,NJ,09,D
2016,NJ,10,D
2016,NJ,11,R
2016,NJ,12,D
2016,NM,01,D
2016,NM,02,R
2016,NM,03,D
2016,NV,01,D
2016,NV,02,R
2016,NV,03,D
2016,NV,04,D
2016,NY,01,R
2016,NY,02,R
2016,NY,03,D
2016,NY,04,D
2016,NY,05,D
2016,NY,06,D
2016,NY,07,D
2016,NY,08,D
2016,NY,09,D
2016,NY,10,D
2016,NY,11,R
2016,NY,12,D
2016,NY,13,D
2016,NY,14,D
2016,NY,15,D
2016,NY,16,D
2016,NY,17,D
2016,NY,18,D
2016,NY,19,R
2016,NY,20,D
2016,NY,21,R
2016,NY,22,R
2016,NY,23,R
2016,NY,24,R
2016,NY,25,D
2016,NY,26,D
2016,NY,27,R
2016,OH,01,R
2016,OH,02,R
2016,OH,03,D
2016,OH,04,R
2016,OH,05,R
2016,OH,06,R
2016,OH,07,R
2016,OH,08,R
2016,OH,09,D
2016,OH,10,R
2016,OH,11,D
2016,OH,12,R
2016,OH,13,D
2016,OH,14,R
2016,OH,15,R
2016,OH,16,R
2016,OK,01,R
2016,OK,02,R
2016,OK,03,R
2016,OK,04,R
2016,OK,05,R
2016,OR,01,D
2016,OR,02,R
2016,OR,03,D
2016,OR,04,D
2016,OR,05,D
2016,PA,01,D
2016,PA,02,D
2016,PA,03,R
2016,PA,04,R
2016,PA,05,R
2016,PA,06,R
2016,PA,07,R
2016,PA,08,R
2016,PA,09,R
2016,PA,10,R
2016,PA,11,R
2016,PA,12,R
2016,PA,13,D
2016,PA,14,D
2016,PA,15,R
2016,PA,16,R
2016,PA,17,D
2016,PA,18,R
2016,RI,01,D
2016,RI,02,D
2016,SC,01,R
2016,SC,02,R
2016,SC,03,R
2016,SC,04,R
2016,SC,05,R
2016,SC,06,D
2016,SC,07,R
2016,SD,01,R
2016,TN,01,R
2016,TN,02,R
2016,TN,03,R
2016,TN,04,R
2016,TN,05,D
2016,TN,06,R
2016,TN,07,R
2016,TN,08,R
2016,TN,09,D
2016,TX,01,R
2016,TX,02,R
2016,TX,03,R
2016,TX,04,R
2016,TX,05,R
2016,TX,06,R
2016,TX,07,R
2016,TX,08,R
2016,TX,09,D
2016,TX,10,R
2016,TX,11,R
2016,TX,12,R
2016,TX,13,R
2016,TX,14,R
2016,TX,15,D
2016,TX,16,D
2016,TX,17,R
2016,TX,18,D
2016,TX,19,R
2016,TX,20,D
2016,TX,21,R
2016,TX,22,R
2016,TX,23,R
2016,TX,24,R
2016,TX,25,R
2016,TX,26,R
2016,TX,27,R
2016,TX,28,D
2016,TX,29,D
2016,TX,30,D
2016,TX,31,R
2016,TX,32,R
2016,TX,33,D
2016,TX,34,D
2016,TX,35,D
2016,TX,36,R
2016,UT,01,R
2016,UT,02,R
2016,UT,03,R
2016,UT,04,R
2016,VA,01,R
2016,VA,02,R
2016,VA,03,D
2016,VA,04,D
2016,VA,05,R
2016,VA,06,R
2016,VA,07,R
2016,VA,08,D
2016,VA,09,R
2016,VA,10,R
2016,VA,11,D
2016,VT,01,D
2016,WA,01,D
2016,WA,02,D
2016,WA,03,R
2016,WA,04,R
2016,WA,05,R
2016,WA,06,D
2016,WA,07,D
2016,WA,08,R
2016,WA,09,D
2016,WA,10,D
2016,WI,01,R
2016,WI,02,D
2016,WI,03,D
2016,WI,04,D
2016,WI,05,R
2016,WI,06,R
2016,WI,07,R
2016,WI,08,R
2016,WV,01,R
2016,WV,02,R
2016,WV,03,R
2016,WY,01,R
2018,AK,01,R
2018,AL,01,R
2018,AL,02,R
2018,AL,03,R
2018,AL,04,R
2018,AL,05,R
2018,AL,06,R
2018,AL,07,D
2018,AR,01,R
2018,AR,02,R
2018,AR,03,R
2018,AR,04,R
2018,AZ,01,D
2018,AZ,02,D
2018,AZ,03,D
2018,AZ,04,R
2018,AZ,05,R
2018,AZ,06,R
2018,AZ,07,D
2018,AZ,08,R
2018,AZ,09,D
2018,CA,01,R
2018,CA,02,D
2018,CA,03,D
2018,CA,04,R
2018,CA,05,D
2018,CA,06,D
2018,CA,07,D
2018,CA,08,R
2018,CA,09,D
2018,CA,10,D
2018,CA,11,D
2018,CA,12,D
2018,CA,13,D
2018,CA,14,D
2018,CA,15,D
2018,CA,16,D
2018,CA,17,D
2018,CA,18,D
2018,CA,19,D
2018,CA,20,D
2018,CA,21,D
2018,CA,22,R
2018,CA,23,R
2018,CA,24,D
2018,CA,25,D
2018,CA,26,D
2018,CA,27,D
2018,CA,28,D
2018,CA,29,D
2018,CA,30,D
2018,CA,31,D
2018,CA,32,D
2018,CA,33,D
2018,CA,34,D
2018,CA,35,D
2018,CA,36,D
2018,CA,37,D
2018,CA,38,D
2018,CA,39,D
2018,CA,40,D
2018,CA,41,D
2018,CA,42,R
2018,CA,43,D
2018,CA,44,D
2018,CA,45,D
2018,CA,46,D
2018,CA,47,D
2018,CA,48,D
2018,CA,49,D
2018,CA,50,R
2018,CA,51,D
2018,CA,52,D
2018,CA,53,D
2018,CO,01,D
2018,CO,02,D
2018,CO,03,R
2018,CO,04,R
2018,CO,05,R
2018,CO,06,D
2018,CO,07,D
2018,CT,01,D
2018,CT,02,D
2018,CT,03,D
2018,CT,04,D
2018,CT,05,D
2018,DE,01,D
2018,FL,01,R
2018,FL,02,R
2018,FL,03,R
2018,FL,04,R
2018,FL,05,D
2018,FL,06,R
2018,FL,07,D
2018,FL,08,R
2018,FL,09,D
2018,FL,10,D
2018,FL,11,R
2018,FL,12,R
2018,FL,13,D
2018,FL,14,D
2018,FL,15,R
2018,FL,16,R
2018,FL,17,R
2018,FL,18,R
2018,FL,19,R
2018,FL,20,D
2018,FL,21,D
2018,FL,22,D
2018,FL,23,D
2018,FL,24,D
2018,FL,25,R
2018,FL,26,D
2018,FL,27,D
2018,GA,01,R
2018,GA,02,D
2018,GA,03,R
2018,GA,04,D
2018,GA,05,D
2018,GA,06,D
2018,GA,07,R
2018,GA,08,R
2018,GA,09,R
2018,GA,10,R
2018,GA,11,R
2018,GA,12,R
2018,GA,13,D
2018,GA,14,R
2018,HI,01,D
2018,HI,02,D
2018,IA,01,D
2018,IA,02,D
2018,IA,03,D
2018,IA,04,R
2018,ID,01,R
2018,ID,02,R
2018,IL,01,D
2018,IL,02,D
2018,IL,03,D
2018,IL,04,D
2018,IL,05,D
2018,IL,06,D
2018,IL,07,D
2018,IL,08,D
2018,IL,09,D
2018,IL,10,D
2018,IL,11,D
2018,IL,12,R
2018,IL,13,R
2018,IL,14,D
2018,IL,15,R
2018,IL,16,R
2018,IL,17,D
2018,IL,18,R
2018,IN,01,D
2018,IN,02,R
2018,IN,03,R
2018,IN,04,R
2018,IN,05,R
2018,IN,06,R
2018,IN,07,D
2018,IN,08,R
2018,IN,09,R
2018,KS,01,R
2018,KS,02,R
2018,KS,03,D
2018,KS,04,R
2018,KY,01,R
2018,KY,02,R
2018,KY,03,D
2018,KY,04,R
2018,KY,05,R
2018,KY,06,R
2018,MA,01,D
2018,MA,02,D
2018,MA,03,D
2018,MA,04,D
2018,MA,05,D
2018,MA,06,D
2018,MA,07,D
2018,MA,08,D
2018,MA,09,D
2018,MD,01,R
2018,MD,02,D
2018,MD,03,D
2018,MD,04,D
2018,MD,05,D
2018,MD,06,D
2018,MD,07,D
2018,MD,08,D
2018,ME,01,D
2018,ME,02,D
2018,MI,01,R
2018,MI,02,R
2018,MI,03,R
2018,MI,04,R
2018,MI,05,D
2018,MI,06,R
2018,MI,07,R
2018,MI,08,D
2018,MI,09,D
2018,MI,10,R
2018,MI,11,D
2018,MI,12,D
2018,MI,13,D
2018,MI,14,D
2018,MN,01,R
2018,MN,02,D
2018,MN,03,D
2018,MN,04,D
2018,MN,05,D
2018,MN,06,R
2018,MN,07,D
2018,MN,08,R
2018,MO,01,D
2018,MO,02,R
2018,MO,03,R
2018,MO,04,R
2018,MO,05,D
2018,MO,06,R
2018,MO,07,R
2018,MO,08,R
2018,MS,01,R
2018,MS,02,D
2018,MS,03,R
2018,MS,04,R
2018,MT,01,R
2018,NC,01,D
2018,NC,02,R
2018,NC,03,R
2018,NC,04,D
2018,NC,05,R
2018,NC,06,R
2018,NC,07,R
2018,NC,08,R
2018,NC,09,R
2018,NC,10,R
2018,NC,11,R
2018,NC,12,D
2018,NC,13,R
2018,ND,01,R
2018,NE,01,R
2018,NE,02,R
2018,NE,03,R
2018,NH,01,D
2018,NH,02,D
2018,NJ,01,D
2018,NJ,02,D
2018,NJ,03,D
2018,NJ,04,R
2018,NJ,05,D
2018,NJ,06,D
2018,NJ,07,D
2018,NJ,08,D
2018,NJ,09,D
2018,NJ,10,D
2018,NJ,11,D
2018,NJ,12,D
2018,NM,01,D
2018,NM,02,D
2018,NM,03,D
2018,NV,01,D
2018,NV,02,R
2018,NV,03,D
2018,NV,04,D
2018,NY,01,D
2018,NY,02,R
2018,NY,03,D
2018,NY,04,D
2018,NY,05,D
2018,NY,06,D
2018,NY,07,D
2018,NY,08,D
2018,NY,09,D
2018,NY,10,D
2018,NY,11,D
2018,NY,12,D
2018,NY,13,D
2018,NY,14,D
2018,NY,15,D
2018,NY,16,D
2018,NY,17,D
2018,NY,18,D
2018,NY,19,D
2018,NY,20,D
2018,NY,21,R
2018,NY,22,D
2018,NY,23,R
2018,NY,24,D
2018,NY,25,D
2018,NY,26,D
2018,NY,27,D
2018,OH,01,R
2018,OH,02,R
2018,OH,03,D
2018,OH,04,R
2018,OH,05,R
2018,OH,06,R
2018,OH,07,R
2018,OH,08,R
2018,OH,09,D
2018,OH,10,R
2018,OH,11,D
2018,OH,12,R
2018,OH,13,D
2018,OH,14,R
2018,OH,15,R
2018,OH,16,R
2018,OK,01,R
2018,OK,02,R
2018,OK,03,R
2018,OK,04,R
2018,OK,05,D
2018,OR,01,D
2018,OR,02,R
2018,OR,03,D
2018,OR,04,D
2018,OR,05,D
2018,PA,01,R
2018,PA,02,D
2018,PA,03,D
2018,PA,04,D
2018,PA,05,D
2018,PA,06,D
2018,PA,07,D
2018,PA,08,D
2018,PA,09,R
2018,PA,10,R
2018,PA,11,R
2018,PA,12,R
2018,PA,13,R
2018,PA,14,R
2018,PA,15,R
2018,PA,16,R
2018,PA,17,D
2018,PA,18,D
2018,RI,01,D
2018,RI,02,D
2018,SC,01,D
2018,SC,02,R
2018,SC,03,R
2018,SC,04,R
2018,SC,05,R
2018,SC,06,D
2018,SC,07,R
2018,SD,01,R
2018,TN,01,R
2018,TN,02,R
2018,TN,03,R
2018,TN,04,R
2018,TN,05,D
2018,TN,06,R
2018,TN,07,R
2018,TN,08,R
2018,TN,09,D
2018,TX,01,R
2018,TX,02,R
2018,TX,03,R
2018,TX,04,R
2018,TX,05,R
2018,TX,06,R
2018,TX,07,D
2018,TX,08,R
2018,TX,09,D
2018,TX,10,R
2018,TX,11,R
2018,TX,12,R
2018,TX,13,R
2018,TX,14,R
2018,TX,15,D
2018,TX,16,D
2018,TX,17,R
2018,TX,18,D
2018,TX,19,R
2018,TX,20,D
2018,TX,21,R
2018,TX,22,R
2018,TX,23,R
2018,TX,24,R
2018,TX,25,R
2018,TX,26,R
2018,TX,27,R
2018,TX,28,D
2018,TX,29,D
2018,TX,30,D
2018,TX,31,R
2018,TX,32,D
2018,TX,33,D
2018,TX,34,D
2018,TX,35,D
2018,TX,36,R
2018,UT,01,R
2018,UT,02,R
2018,UT,03,R
2018,UT,04,D
2018,VA,01,R
2018,VA,02,D
2018,VA,03,D
2018,VA,04,D
2018,VA,05,R
2018,VA,06,R
2018,VA,07,D
2018,VA,08,D
2018,VA,09,R
2018,VA,10,D
2018,VA,11,D
2018,VT,01,D
2018,WA,01,D
2018,WA,02,D
2018,WA,03,R
2018,WA,04,R
2018,WA,05,R
2018,WA,06,D
2018,WA,07,D
2018,WA,08,D
2018,WA,09,D
2018,WA,10,D
2018,WI,01,R
2018,WI,02,D
2018,WI,03,D
2018,WI,04,D
2018,WI,05,R
2018,WI,06,R
2018,WI,07,R
2018,WI,08,R
2018,WV,01,R
2018,WV,02,R
2018,WV,03,R
2018,WY,01,R
2020,AK,01,R
2020,AL,01,R
2020,AL,02,R
2020,AL,03,R
2020,AL,04,R
2020,AL,05,R
2020,AL,06,R
2020,AL,07,D
2020,AR,01,R
2020,AR,02,R
2020,AR,03,R
2020,AR,04,R
2020,AZ,01,D
2020,AZ,02,D
2020,AZ,03,D
2020,AZ,04,R
2020,AZ,05,R
2020,AZ,06,R
2020,AZ,07,D
2020,AZ,08,R
2020,AZ,09,D
2020,CA,01,R
2020,CA,02,D
2020,CA,03,D
2020,CA,04,R
2020,CA,05,D
2020,CA,06,D
2020,CA,07,D
2020,CA,08,R
2020,CA,09,D
2020,CA,10,D
2020,CA,11,D
2020,CA,12,D
2020,CA,13,D
2020,CA,14,D
2020,CA,15,D
2020,CA,16,D
2020,CA,17,D
2020,CA,18,D
2020,CA,19,D
2020,CA,20,D
2020,CA,21,R
2020,CA,22,R
2020,CA,23,R
2020,CA,24,D
2020,CA,25,R
2020,CA,26,D
2020,CA,27,D
2020,CA,28,D
2020,CA,29,D
2020,CA,30,D
2020,CA,31,D
2020,CA,32,D
2020,CA,33,D
2020,CA,34,D
2020,CA,35,D
2020,CA,36,D
2020,CA,37,D
2020,CA,38,D
2020,CA,39,R
2020,CA,40,D
2020,CA,41,D
2020,CA,42,R
2020,CA,43,D
2020,CA,44,D
2020,CA,45,D
2020,CA,46,D
2020,CA,47,D
2020,CA,48,R
2020,CA,49,D
2020,CA,50,R
2020,CA,51,D
2020,CA,52,D
2020,CA,53,D
2020,CO,01,D
2020,CO,02,D
2020,CO,03,R
2020,CO,04,R
2020,CO,05,R
2020,CO,06,D
2020,CO,07,D
2020,CT,01,D
2020,CT,02,D
2020,CT,03,D
2020,CT,04,D
2020,CT,05,D
2020,DE,01,D
2020,FL,01,R
2020,FL,02,R
2020,FL,03,R
2020,FL,04,R
2020,FL,05,D
2020,FL,06,R
2020,FL,07,D
2020,FL,08,R
2020,FL,09,D
2020,FL,10,D
2020,FL,11,R
2020,FL,12,R
2020,FL,13,D
2020,FL,14,D
2020,FL,15,R
2020,FL,16,R
2020,FL,17,R
2020,FL,18,R
2020,FL,19,R
2020,FL,20,D
2020,FL,21,D
2020,FL,22,D
2020,FL,23,D
2020,FL,24,D
2020,FL,25,R
2020,FL,26,R
2020,FL,27,R
2020,GA,01,R
2020,GA,02,D
2020,GA,03,R
2020,GA,04,D
2020,GA,05,D
2020,GA,06,D
2020,GA,07,D
2020,GA,08,R
2020,GA,09,R
2020,GA,10,R
2020,GA,11,R
2020,GA,12,R
2020,GA,13,D
2020,GA,14,R
2020,HI,01,D
2020,HI,02,D
2020,IA,01,R
2020,IA,02,R
2020,IA,03,D
2020,IA,04,R
2020,ID,01,R
2020,ID,02,R
2020,IL,01,D
2020,IL,02,D
2020,IL,03,D
2020,IL,04,D
2020,IL,05,D
2020,IL,06,D
2020,IL,07,D
2020,IL,08,D
2020,IL,09,D
2020,IL,10,D
2020,IL,11,D
2020,IL,12,R
2020,IL,13,R
2020,IL,14,D
2020,IL,15,R
2020,IL,16,R
2020,IL,17,D
2020,IL,18,R
2020,IN,01,D
2020,IN,02,R
2020,IN,03,R
2020,IN,04,R
2020,IN,05,R
2020,IN,06,R
2020,IN,07,D
2020,IN,08,R
2020,IN,09,R
2020,KS,01,R
2020,KS,02,R
2020,KS,03,D
2020,KS,04,R
2020,KY,01,R
2020,KY,02,R
2020,KY,03,D
2020,KY,04,R
2020,KY,05,R
2020,KY,06,R
2020,MA,01,D
2020,MA,02,D
2020,MA,03,D
2020,MA,04,D
2020,MA,05,D
2020,MA,06,D
2020,MA,07,D
2020,MA,08,D
2020,MA,09,D
2020,MD,01,R
2020,MD,02,D
2020,MD,03,D
2020,MD,04,D
2020,MD,05,D
2020,MD,06,D
2020,MD,07,D
2020,MD,08,D
2020,ME,01,D
2020,ME,02,D
2020,MI,01,R
2020,MI,02,R
2020,MI,03,R
2020,MI,04,R
2020,MI,05,D
2020,MI,06,R
2020,MI,07,R
2020,MI,08,D
2020,MI,09,D
2020,MI,10,R
2020,MI,11,D
2020,MI,12,D
2020,MI,13,D
2020,MI,14,D
2020,MN,01,R
2020,MN,02,D
2020,MN,03,D
2020,MN,04,D
2020,MN,05,D
2020,MN,06,R
2020,MN,07,R
2020,MN,08,R
2020,MO,01,D
2020,MO,02,R
2020,MO,03,R
2020,MO,04,R
2020,MO,05,D
2020,MO,06,R
2020,MO,07,R
2020,MO,08,R
2020,MS,01,R
2020,MS,02,D
2020,MS,03,R
2020,MS,04,R
2020,MT,01,R
2020,NC,01,D
2020,NC,02,D
2020,NC,03,R
2020,NC,04,D
2020,NC,05,R
2020,NC,06,D
2020,NC,07,R
2020,NC,08,R
2020,NC,09,R
2020,NC,10,R
2020,NC,11,R
2020,NC,12,D
2020,NC,13,R
2020,ND,01,R
2020,NE,01,R
2020,NE,02,R
2020,NE,03,R
2020,NH,01,D
2020,NH,02,D
2020,NJ,01,D
2020,NJ,02,R
2020,NJ,03,D
2020,NJ,04,R
2020,NJ,05,D
2020,NJ,06,D
2020,NJ,07,D
2020,NJ,08,D
2020,NJ,09,D
2020,NJ,10,D
2020,NJ,11,D
2020,NJ,12,D
2020,NM,01,D
2020,NM,02,R
2020,NM,03,D
2020,NV,01,D
2020,NV,02,R
2020,NV,03,D
2020,NV,04,D
2020,NY,01,R
2020,NY,02,R
2020,NY,03,D
2020,NY,04,D
2020,NY,05,D
2020,NY,06,D
2020,NY,07,D
2020,NY,08,D
2020,NY,09,D
2020,NY,10,D
2020,NY,11,R
2020,NY,12,D
2020,NY,13,D
2020,NY,14,D
2020,NY,15,D
2020,NY,16,D
2020,NY,17,D
2020,NY,18,D
2020,NY,19,D
2020,NY,20,D
2020,NY,21,R
2020,NY,22,R
2020,NY,23,R
2020,NY,24,R
2020,NY,25,D
2020,NY,26,D
2020,NY,27,R
2020,OH,01,R
2020,OH,02,R
2020,OH,03,D
2020,OH,04,R
2020,OH,05,R
2020,OH,06,R
2020,OH,07,R
2020,OH,08,R
2020,OH,09,D
2020,OH,10,R
2020,OH,11,D
2020,OH,12,R
2020,OH,13,D
2020,OH,14,R
2020,OH,15,R
2020,OH,16,R
2020,OK,01,R
2020,OK,02,R
2020,OK,03,R
2020,OK,04,R
2020,OK,05,R
2020,OR,01,D
2020,OR,02,R
2020,OR,03,D
2020,OR,04,D
2020,OR,05,D
2020,PA,01,R
2020,PA,02,D
2020,PA,03,D
2020,PA,04,D
2020,PA,05,D
2020,PA,06,D
2020,PA,07,D
2020,PA,08,D
2020,PA,09,R
2020,PA,10,R
2020,PA,11,R
2020,PA,12,R
2020,PA,13,R
2020,PA,14,R
2020,PA,15,R
2020,PA,16,R
2020,PA,17,D
2020,PA,18,D
2020,PR,01,O
2020,RI,01,D
2020,RI,02,D
2020,SC,01,R
2020,SC,02,R
2020,SC,03,R
2020,SC,04,R
2020,SC,05,R
2020,SC,06,D
2020,SC,07,R
2020,SD,01,R
2020,TN,01,R
2020,TN,02,R
2020,TN,03,R
2020,TN,04,R
2020,TN,05,D
2020,TN,06,R
2020,TN,07,R
2020,TN,08,R
2020,TN,09,D
2020,TX,01,R
2020,TX,02,R
2020,TX,03,R
2020,TX,04,R
2020,TX,05,R
2020,TX,06,R
2020,TX,07,D
2020,TX,08,R
2020,TX,09,D
2020,TX,10,R
2020,TX,11,R
2020,TX,12,R
2020,TX,13,R
2020,TX,14,R
2020,TX,15,D
2020,TX,16,D
2020,TX,17,R
2020,TX,18,D
2020,TX,19,R
2020,TX,20,D
2020,TX,21,R
2020,TX,22,R
2020,TX,23,R
2020,TX,24,R
2020,TX,25,R
2020,TX,26,R
2020,TX,27,R
2020,TX,28,D
2020,TX,29,D
2020,TX,30,D
2020,TX,31,R
2020,TX,32,D
2020,TX,33,D
2020,TX,34,D
2020,TX,35,D
2020,TX,36,R
2020,UT,01,R
2020,UT,02,R
2020,UT,03,R
2020,UT,04,R
2020,VA,01,R
2020,VA,02,D
2020,VA,03,D
2020,VA,04,D
2020,VA,05,R
2020,VA,06,R
2020,VA,07,D
2020,VA,08,D
2020,VA,09,R
2020,VA,10,D
2020,VA,11,D
2020,VT,01,D
2020,WA,01,D
2020,WA,02,D
2020,WA,03,R
2020,WA,04,R
2020,WA,05,R
2020,WA,06,D
2020,WA,07,D
2020,WA,08,D
2020,WA,09,D
2020,WA,10,D
2020,WI,01,R
2020,WI,02,D
2020,WI,03,D
2020,WI,04,D
2020,WI,05,R
2020,WI,06,R
2020,WI,07,R
2020,WI,08,R
2020,WV,01,R
2020,WV,02,R
2020,WV,03,R
2020,WY,01,R
2022,AK,01,D
2022,AL,01,R
2022,AL,02,R
2022,AL,03,R
2022,AL,04,R
2022,AL,05,R
2022,AL,06,R
2022,AL,07,D
2022,AR,01,R
2022,AR,02,R
2022,AR,03,R
2022,AR,04,R
2022,AZ,01,R
2022,AZ,02,R
2022,AZ,03,D
2022,AZ,04,D
2022,AZ,05,R
2022,AZ,06,R
2022,AZ,07,D
2022,AZ,08,R
2022,AZ,09,R
2022,CA,01,R
2022,CA,02,D
2022,CA,03,R
2022,CA,04,D
2022,CA,05,R
2022,CA,06,D
2022,CA,07,D
2022,CA,08,D
2022,CA,09,D
2022,CA,10,D
2022,CA,11,D
2022,CA,12,D
2022,CA,13,R
2022,CA,14,D
2022,CA,15,D
2022,CA,16,D
2022,CA,17,D
2022,CA,18,D
2022,CA,19,D
2022,CA,20,R
2022,CA,21,D
2022,CA,22,R
2022,CA,23,R
2022,CA,24,D
2022,CA,25,D
2022,CA,26,D
2022,CA,27,R
2022,CA,28,D
2022,CA,29,D
2022,CA,30,D
2022,CA,31,D
2022,CA,32,D
2022,CA,33,D
2022,CA,34,D
2022,CA,35,D
2022,CA,36,D
2022,CA,37,D
2022,CA,38,D
2022,CA,39,D
2022,CA,40,R
2022,CA,41,R
2022,CA,42,D
2022,CA,43,D
2022,CA,44,D
2022,CA,45,R
2022,CA,46,D
2022,CA,47,D
2022,CA,48,R
2022,CA,49,D
2022,CA,50,D
2022,CA,51,D
2022,CA,52,D
2022,CO,01,D
2022,CO,02,D
2022,CO,03,R
2022,CO,04,R
2022,CO,05,R
2022,CO,06,D
2022,CO,07,D
2022,CO,08,D
2022,CT,01,D
2022,CT,02,D
2022,CT,03,D
2022,CT,04,D
2022,CT,05,D
2022,DE,01,D
2022,FL,01,R
2022,FL,02,R
2022,FL,03,R
2022,FL,04,R
2022,FL,05,R
2022,FL,06,R
2022,FL,07,R
2022,FL,08,R
2022,FL,09,D
2022,FL,10,D
2022,FL,11,R
2022,FL,12,R
2022,FL,13,R
2022,FL,14,D
2022,FL,15,R
2022,FL,16,R
2022,FL,17,R
2022,FL,18,R
2022,FL,19,R
2022,FL,20,D
2022,FL,21,R
2022,FL,22,D
2022,FL,23,D
2022,FL,24,D
2022,FL,25,D
2022,FL,26,R
2022,FL,27,R
2022,FL,28,R
2022,GA,01,R
2022,GA,02,D
2022,GA,03,R
2022,GA,04,D
2022,GA,05,D
2022,GA,06,R
2022,GA,07,D
2022,GA,08,R
2022,GA,09,R
2022,GA,10,R
2022,GA,11,R
2022,GA,12,R
2022,GA,13,D
2022,GA,14,R
2022,HI,01,D
2022,HI,02,D
2022,IA,01,R
2022,IA,02,R
2022,IA,03,R
2022,IA,04,R
2022,ID,01,R
2022,ID,02,R
2022,IL,01,D
2022,IL,02,D
2022,IL,03,D
2022,IL,04,D
2022,IL,05,D
2022,IL,06,D
2022,IL,07,D
2022,IL,08,D
2022,IL,09,D
2022,IL,10,D
2022,IL,11,D
2022,IL,12,R
2022,IL,13,D
2022,IL,14,D
2022,IL,15,R
2022,IL,16,R
2022,IL,17,D
2022,IN,01,D
2022,IN,02,R
2022,IN,03,R
2022,IN,04,R
2022,IN,05,R
2022,IN,06,R
2022,IN,07,D
2022,IN,08,R
2022,IN,09,R
2022,KS,01,R
2022,KS,02,R
2022,KS,03,D
2022,KS,04,R
2022,KY,01,R
2022,KY,02,R
2022,KY,03,D
2022,KY,04,R
2022,KY,05,R
2022,KY,06,R
2022,MA,01,D
2022,MA,02,D
2022,MA,03,D
2022,MA,04,D
2022,MA,05,D
2022,MA,06,D
2022,MA,07,D
2022,MA,08,D
2022,MA,09,D
2022,MD,01,R
2022,MD,02,D
2022,MD,03,D
2022,MD,04,D
2022,MD,05,D
2022,MD,06,D
2022,MD,07,D
2022,MD,08,D
2022,ME,01,D
2022,ME,02,D
2022,MI,01,R
2022,MI,02,R
2022,MI,03,D
2022,MI,04,R
2022,MI,05,R
2022,MI,06,D
2022,MI,07,D
2022,MI,08,D
2022,MI,09,R
2022,MI,10,R
2022,MI,11,D
2022,MI,12,D
2022,MI,13,D
2022,MN,01,R
2022,MN,02,D
2022,MN,03,D
2022,MN,04,D
2022,MN,05,D
2022,MN,06,R
2022,MN,07,R
2022,MN,08,R
2022,MO,01,D
2022,MO,02,R
2022,MO,03,R
2022,MO,04,R
2022,MO,05,D
2022,MO,06,R
2022,MO,07,R
2022,MO,08,R
2022,MS,01,R
2022,MS,02,D
2022,MS,03,R
2022,MS,04,R
2022,MT,01,R
2022,MT,02,R
2022,NC,01,D
2022,NC,02,D
2022,NC,03,R
2022,NC,04,D
2022,NC,05,R
2022,NC,06,D
2022,NC,07,R
2022,NC,08,R
2022,NC,09,R
2022,NC,10,R
2022,NC,11,R
2022,NC,12,D
2022,NC,13,D
2022,NC,14,D
2022,ND,01,R
2022,NE,01,R
2022,NE,02,R
2022,NE,03,R
2022,NH,01,D
2022,NH,02,D
2022,NJ,01,D
2022,NJ,02,R
2022,NJ,03,D
2022,NJ,04,R
2022,NJ,05,D
2022,NJ,06,D
2022,NJ,07,R
2022,NJ,08,D
2022,NJ,09,D
2022,NJ,10,D
2022,NJ,11,D
2022,NJ,12,D
2022,NM,01,D
2022,NM,02,D
2022,NM,03,D
2022,NV,01,D
2022,NV,02,R
2022,NV,03,D
2022,NV,04,D
2022,NY,01,R
2022,NY,02,R
2022,NY,03,R
2022,NY,04,D
2022,NY,05,D
2022,NY,06,D
2022,NY,07,D
2022,NY,08,D
2022,NY,09,D
2022,NY,10,D
2022,NY,11,R
2022,NY,12,D
2022,NY,13,D
2022,NY,14,D
2022,NY,15,D
2022,NY,16,D
2022,NY,17,D
2022,NY,18,D
2022,NY,19,R
2022,NY,20,D
2022,NY,21,R
2022,NY,22,D
2022,NY,23,R
2022,NY,24,R
2022,NY,25,D
2022,NY,26,D
2022,OH,01,D
2022,OH,02,R
2022,OH,03,D
2022,OH,04,R
2022,OH,05,R
2022,OH,06,R
2022,OH,07,R
2022,OH,08,R
2022,OH,09,D
2022,OH,10,R
2022,OH,11,D
2022,OH,12,R
2022,OH,13,D
2022,OH,14,R
2022,OH,15,R
2022,OK,01,R
2022,OK,02,R
2022,OK,03,R
2022,OK,04,R
2022,OK,05,R
2022,OR,01,D
2022,OR,02,R
2022,OR,03,D
2022,OR,04,D
2022,OR,05,R
2022,OR,06,D
2022,PA,01,R
2022,PA,02,D
2022,PA,03,D
2022,PA,04,D
2022,PA,05,D
2022,PA,06,D
2022,PA,07,D
2022,PA,08,D
2022,PA,09,R
2022,PA,10,R
2022,PA,11,R
2022,PA,12,D
2022,PA,13,R
2022,PA,14,R
2022,PA,15,R
2022,PA,16,R
2022,PA,17,D
2022,RI,01,D
2022,RI,02,D
2022,SC,01,R
2022,SC,02,R
2022,SC,03,R
2022,SC,04,R
2022,SC,05,R
2022,SC,06,D
2022,SC,07,R
2022,SD,01,R
2022,TN,01,R
2022,TN,02,R
2022,TN,03,R
2022,TN,04,R
2022,TN,05,R
2022,TN,06,R
2022,TN,07,R
2022,TN,08,R
2022,TN,09,D
2022,TX,01,R
2022,TX,02,R
2022,TX,03,R
2022,TX,04,R
2022,TX,05,R
2022,TX,06,R
2022,TX,07,D
2022,TX,08,R
2022,TX,09,D
2022,TX,10,R
2022,TX,11,R
2022,TX,12,R
2022,TX,13,R
2022,TX,14,R
2022,TX,15,R
2022,TX,16,D
2022,TX,17,R
2022,TX,18,D
2022,TX,19,R
2022,TX,20,D
2022,TX,21,R
2022,TX,22,R
2022,TX,23,R
2022,TX,24,R
2022,TX,25,R
2022,TX,26,R
2022,TX,27,R
2022,TX,28,D
2022,TX,29,D
2022,TX,30,D
2022,TX,31,R
2022,TX,32,D
2022,TX,33,D
2022,TX,34,D
2022,TX,35,D
2022,TX,36,R
2022,TX,37,D
2022,TX,38,R
2022,UT,01,R
2022,UT,02,R
2022,UT,03,R
2022,UT,04,R
2022,VA,01,R
2022,VA,02,R
2022,VA,03,D
2022,VA,04,D
2022,VA,05,R
2022,VA,06,R
2022,VA,07,D
2022,VA,08,D
2022,VA,09,R
2022,VA,10,D
2022,VA,11,D
2022,VT,01,D
2022,WA,01,D
2022,WA,02,D
2022,WA,03,D
2022,WA,04,R
2022,WA,05,R
2022,WA,06,D
2022,WA,07,D
2022,WA,08,D
2022,WA,09,D
2022,WA,10,D
2022,WI,01,R
2022,WI,02,D
2022,WI,03,R
2022,WI,04,D
2022,WI,05,R
2022,WI,06,R
2022,WI,07,R
2022,WI,08,R
2022,WV,01,R
2022,WV,02,R
2022,WY,01,R
2024,AK,01,R
2024,AL,01,R
2024,AL,02,D
2024,AL,03,R
2024,AL,04,R
2024,AL,05,R
2024,AL,06,R
2024,AL,07,D
2024,AR,01,R
2024,AR,02,R
2024,AR,03,R
2024,AR,04,R
2024,AZ,01,R
2024,AZ,02,R
2024,AZ,03,D
2024,AZ,04,D
2024,AZ,05,R
2024,AZ,06,R
2024,AZ,07,D
2024,AZ,08,R
2024,AZ,09,R
2024,CA,01,R
2024,CA,02,D
2024,CA,03,R
2024,CA,04,D
2024,CA,05,R
2024,CA,06,D
2024,CA,07,D
2024,CA,08,D
2024,CA,09,D
2024,CA,10,D
2024,CA,11,D
2024,CA,12,D
2024,CA,13,D
2024,CA,14,D
2024,CA,15,D
2024,CA,16,D
2024,CA,17,D
2024,CA,18,D
2024,CA,19,D
2024,CA,20,R
2024,CA,21,D
2024,CA,22,R
2024,CA,23,R
2024,CA,24,D
2024,CA,25,D
2024,CA,26,D
2024,CA,27,D
2024,CA,28,D
2024,CA,29,D
2024,CA,30,D
2024,CA,31,D
2024,CA,32,D
2024,CA,33,D
2024,CA,34,D
2024,CA,35,D
2024,CA,36,D
2024,CA,37,D
2024,CA,38,D
2024,CA,39,D
2024,CA,40,R
2024,CA,41,R
2024,CA,42,D
2024,CA,43,D
2024,CA,44,D
2024,CA,45,D
2024,CA,46,D
2024,CA,47,D
2024,CA,48,R
2024,CA,49,D
2024,CA,50,D
2024,CA,51,D
2024,CA,52,D
2024,CO,01,D
2024,CO,02,D
2024,CO,03,R
2024,CO,04,R
2024,CO,05,R
2024,CO,06,D
2024,CO,07,D
2024,CO,08,R
2024,CT,01,D
2024,CT,02,D
2024,CT,03,D
2024,CT,04,D
2024,CT,05,D
2024,DE,01,D
2024,FL,01,R
2024,FL,02,R
2024,FL,03,R
2024,FL,04,R
2024,FL,05,R
2024,FL,06,R
2024,FL,07,R
2024,FL,08,R
2024,FL,09,D
2024,FL,10,D
2024,FL,11,R
2024,FL,12,R
2024,FL,13,R
2024,FL,14,D
2024,FL,15,R
2024,FL,16,R
2024,FL,17,R
2024,FL,18,R
2024,FL,19,R
2024,FL,20,D
2024,FL,21,R
2024,FL,22,D
2024,FL,23,D
2024,FL,24,D
2024,FL,25,D
2024,FL,26,R
2024,FL,27,R
2024,FL,28,R
2024,GA,01,R
2024,GA,02,D
2024,GA,03,R
2024,GA,04,D
2024,GA,05,D
2024,GA,06,D
2024,GA,07,R
2024,GA,08,R
2024,GA,09,R
2024,GA,10,R
2024,GA,11,R
2024,GA,12,R
2024,GA,13,D
2024,GA,14,R
2024,GU,01,R
2024,HI,01,D
2024,HI,02,D
2024,IA,01,R
2024,IA,02,R
2024,IA,03,R
2024,IA,04,R
2024,ID,01,R
2024,ID,02,R
2024,IL,01,D
2024,IL,02,D
2024,IL,03,D
2024,IL,04,D
2024,IL,05,D
2024,IL,06,D
2024,IL,07,D
2024,IL,08,D
2024,IL,09,D
2024,IL,10,D
2024,IL,11,D
2024,IL,12,R
2024,IL,13,D
2024,IL,14,D
2024,IL,15,R
2024,IL,16,R
2024,IL,17,D
2024,IN,01,D
2024,IN,02,R
2024,IN,03,R
2024,IN,04,R
2024,IN,05,R
2024,IN,06,R
2024,IN,07,D
2024,IN,08,R
2024,IN,09,R
2024,KS,01,R
2024,KS,02,R
2024,KS,03,D
2024,KS,04,R
2024,KY,01,R
2024,KY,02,R
2024,KY,03,D
2024,KY,04,R
2024,KY,05,R
2024,KY,06,R
2024,MA,01,D
2024,MA,02,D
2024,MA,03,D
2024,MA,04,D
2024,MA,05,D
2024,MA,06,D
2024,MA,07,D
2024,MA,08,D
2024,MA,09,D
2024,MD,01,R
2024,MD,02,D
2024,MD,03,D
2024,MD,04,D
2024,MD,05,D
2024,MD,06,D
2024,MD,07,D
2024,MD,08,D
2024,ME,01,D
2024,ME,02,D
2024,MI,01,R
2024,MI,02,R
2024,MI,03,D
2024,MI,04,R
2024,MI,05,R
2024,MI,06,D
2024,MI,07,R
2024,MI,08,D
2024,MI,09,R
2024,MI,10,R
2024,MI,11,D
2024,MI,12,D
2024,MI,13,D
2024,MN,01,R
2024,MN,02,D
2024,MN,03,D
2024,MN,04,D
2024,MN,05,D
2024,MN,06,R
2024,MN,07,R
2024,MN,08,R
2024,MO,01,D
2024,MO,02,R
2024,MO,03,R
2024,MO,04,R
2024,MO,05,D
2024,MO,06,R
2024,MO,07,R
2024,MO,08,R
2024,MS,01,R
2024,MS,02,D
2024,MS,03,R
2024,MS,04,R
2024,MT,01,R
2024,MT,02,R
2024,NC,01,D
2024,NC,02,D
2024,NC,03,R
2024,NC,04,D
2024,NC,05,R
2024,NC,06,R
2024,NC,07,R
2024,NC,08,R
2024,NC,09,R
2024,NC,10,R
2024,NC,11,R
2024,NC,12,D
2024,NC,13,R
2024,NC,14,R
2024,ND,01,R
2024,NE,01,R
2024,NE,02,R
2024,NE,03,R
2024,NH,01,D
2024,NH,02,D
2024,NJ,01,D
2024,NJ,02,R
2024,NJ,03,D
2024,NJ,04,R
2024,NJ,05,D
2024,NJ,06,D
2024,NJ,07,R
2024,NJ,08,D
2024,NJ,09,D
2024,NJ,10,D
2024,NJ,11,D
2024,NJ,12,D
2024,NM,01,D
2024,NM,02,D
2024,NM,03,D
2024,NV,01,D
2024,NV,02,R
2024,NV,03,D
2024,NV,04,D
2024,NY,01,R
2024,NY,02,R
2024,NY,03,D
2024,NY,04,D
2024,NY,05,D
2024,NY,06,D
2024,NY,07,D
2024,NY,08,D
2024,NY,09,D
2024,NY,10,D
2024,NY,11,R
2024,NY,12,D
2024,NY,13,D
2024,NY,14,D
2024,NY,15,D
2024,NY,16,D
2024,NY,17,R
2024,NY,18,D
2024,NY,19,D
2024,NY,20,D
2024,NY,21,R
2024,NY,22,D
2024,NY,23,R
2024,NY,24,R
2024,NY,25,D
2024,NY,26,D
2024,OH,01,D
2024,OH,02,R
2024,OH,03,D
2024,OH,04,R
2024,OH,05,R
2024,OH,06,R
2024,OH,07,R
2024,OH,08,R
2024,OH,09,D
2024,OH,10,R
2024,OH,11,D
2024,OH,12,R
2024,OH,13,D
2024,OH,14,R
2024,OH,15,R
2024,OK,01,R
2024,OK,02,R
2024,OK,03,R
2024,OK,04,R
2024,OK,05,R
2024,OR,01,D
2024,OR,02,R
2024,OR,03,D
2024,OR,04,D
2024,OR,05,D
2024,OR,06,D
2024,PA,01,R
2024,PA,02,D
2024,PA,03,D
2024,PA,04,D
2024,PA,05,D
2024,PA,06,D
2024,PA,07,R
2024,PA,08,R
2024,PA,09,R
2024,PA,10,R
2024,PA,11,R
2024,PA,12,D
2024,PA,13,R
2024,PA,14,R
2024,PA,15,R
2024,PA,16,R
2024,PA,17,D
2024,PR,01,O
2024,RI,01,D
2024,RI,02,D
2024,SC,01,R
2024,SC,02,R
2024,SC,03,R
2024,SC,04,R
2024,SC,05,R
2024,SC,06,D
2024,SC,07,R
2024,SD,01,R
2024,TN,01,R
2024,TN,02,R
2024,TN,03,R
2024,TN,04,R
2024,TN,05,R
2024,TN,06,R
2024,TN,07,R
2024,TN,08,R
2024,TN,09,D
2024,TX,01,R
2024,TX,02,R
2024,TX,03,R
2024,TX,04,R
2024,TX,05,R
2024,TX,06,R
2024,TX,07,D
2024,TX,08,R
2024,TX,09,D
2024,TX,10,R
2024,TX,11,R
2024,TX,12,R
2024,TX,13,R
2024,TX,14,R
2024,TX,15,R
2024,TX,16,D
2024,TX,17,R
2024,TX,18,D
2024,TX,19,R
2024,TX,20,D
2024,TX,21,R
2024,TX,22,R
2024,TX,23,R
2024,TX,24,R
2024,TX,25,R
2024,TX,26,R
2024,TX,27,R
2024,TX,28,D
2024,TX,29,D
2024,TX,30,D
2024,TX,31,R
2024,TX,32,D
2024,TX,33,D
2024,TX,34,D
2024,TX,35,D
2024,TX,36,R
2024,TX,37,D
2024,TX,38,R
2024,UT,01,R
2024,UT,02,R
2024,UT,03,R
2024,UT,04,R
2024,VA,01,R
2024,VA,02,R
2024,VA,03,D
2024,VA,04,D
2024,VA,05,R
2024,VA,06,R
2024,VA,07,D
2024,VA,08,D
2024,VA,09,R
2024,VA,10,D
2024,VA,11,D
2024,VI,01,D
2024,VT,01,D
2024,WA,01,D
2024,WA,02,D
2024,WA,03,D
2024,WA,04,R
2024,WA,05,R
2024,WA,06,D
2024,WA,07,D
2024,WA,08,D
2024,WA,09,D
2024,WA,10,D
2024,WI,01,R
2024,WI,02,D
2024,WI,03,R
2024,WI,04,D
2024,WI,05,R
2024,WI,06,R
2024,WI,07,R
2024,WI,08,R
2024,WV,01,R
2024,WV,02,R
2024,WY,01,R
